-1.0385,-4.1306,-0.55082,-1.2438
0.94479,-3.666,0.41419,-0.24111
-0.4165,-2.2271,-0.2787,0.099887
-0.71692,-2.9243,-0.14544,0.28756
2.393,-33.465,0.074763,2.5059
0.35188,-2.0502,-0.42074,-0.14404
-1.9737,-14.301,0.024702,-1.0294
4.7625,-3427.1,0.00054455,3.2899
1.6617,-9.2849,0.14537,0.63512
-1.2372,-4.6093,-0.17533,-0.83568
1.4223,-6.122,0.098362,0.38683
-0.99743,-3.2462,-0.30169,0.37897
-2.2461,-26.074,-0.10253,-2.9457
-2.4893,-39.393,-0.042191,-1.9741
-1.3223,-5.3904,-0.38239,-1.0863
0.65242,-3.3851,-0.83489,-1.3153
0.33873,-1.8308,0.34017,0.53996
-0.74197,-2.8058,0.21404,-0.049324
0.16611,-1.6756,0.43751,-1.6795
-0.48271,-2.6205,1.1631,1.9202
1.9599,-16.87,0.17973,2.2246
-1.5628,-7.3018,-0.13061,-0.80918
2.7619,-64.325,-0.00091856,1.9749
-1.081,-4.1347,-0.45421,-2.9291
0.25274,-2.5945,0.73923,1.0744
1.159,-4.5856,0.46175,0.30487
0.61067,-1.9758,-0.6431,0.22839
0.22317,-2.017,-0.84957,-0.13644
0.10732,-1.9737,1.1298,1.7552
-0.21168,-2.0591,0.162,-1.0409
0.69512,-2.8461,0.67202,0.78176
-2.5977,-46.817,-0.032608,-2.3909
-0.38244,-1.8922,0.22957,-0.33136
2.9215,-87.274,-0.0042483,0.45648
0.42134,-2.1775,0.20242,0.84022
1.0885,-4.2504,0.37974,1.1154
2.234,-23.421,0.0089906,0.96504
0.35703,-2.3226,0.43017,-0.4076
0.26322,-2.3388,1.1403,0.85034
0.72384,-2.6931,0.66327,0.38247
-4.5396,-2195.5,-0.0010911,-3.0204
-1.5674,-7.6323,-0.12164,-1.3605
0.35733,-2.986,1.0603,-0.15529
-0.68825,-2.6413,0.14969,-0.88528
0.20972,-1.6784,0.21177,0.17001
1.2093,-4.3564,0.30108,1.9182
-1.296,-5.771,-0.33484,-0.99784
2.913,-85.996,0.0043296,2.1234
1.3727,-5.0494,0.055526,1.3486
0.47196,-3.0972,0.93931,1.467
0.17422,-1.4371,-0.062816,-0.015949
0.81766,-2.271,-0.0041692,-0.16766
-0.47069,-1.707,-0.31228,-0.71303
-0.08869,-1.2422,-0.16855,-0.64305
-0.061305,-1.2916,-0.13431,-0.57159
-0.071777,-1.6877,-0.30853,-0.5979
-0.24457,-1.5283,-0.29543,-0.43686
1.5087,-5.9425,0.026845,0.57019
-1.4622,-5.4865,-0.084665,-0.88219
-0.090867,-1.4152,-0.22731,0.02395
0.1818,-1.4769,0.097607,0.1173
0.82459,-2.1969,0.041469,-0.26333
-1.7205,-8.6846,-0.053766,-0.53851
0.078008,-1.5957,-0.39667,-0.22785
0.37044,-1.5689,0.25846,-0.039121
-0.63162,-1.8414,0.087148,-0.10726
0.89086,-2.4352,0.075139,0.28291
1.4952,-5.8442,-0.040542,-0.36166
0.8958,-2.3384,0.02472,0.44745
-0.059833,-1.468,0.39583,-0.042979
-0.2001,-1.5138,0.034989,-0.029698
0.18845,-1.3707,0.10507,0.11403
2.228,-22.438,0.027682,0.68291
-0.44796,-1.5069,-0.15219,-0.19293
0.52813,-1.608,-0.012713,0.041865
-1.3683,-4.796,-0.12028,-0.33732
0.45915,-1.7915,0.15771,-0.40497
-0.49615,-1.7158,-0.2795,-0.33564
-0.14482,-1.3709,0.0026536,0.32508
0.96452,-2.6161,-0.048655,0.14313
0.029687,-1.2817,0.27591,0.42313
0.9081,-2.3169,0.12299,0.38095
-0.4464,-1.6025,0.34989,0.56005
-0.49022,-1.5635,0.015809,0.1334
0.69165,-1.9035,-0.15512,-0.036596
-0.12916,-1.4139,0.17984,-0.3863
-0.19998,-1.3369,0.11735,0.039732
-0.62431,-1.7947,-0.12682,-0.18656
0.10025,-1.3552,0.091599,0.038701
0.19541,-1.4949,0.28484,0.55163
0.92405,-2.5511,0.085295,0.14622
0.52517,-1.8031,0.011992,0.45753
0.77865,-2.0769,0.065176,0.40842
1.8897,-11.862,0.050212,0.89515
-0.10951,-1.3468,0.51393,0.42347
-0.922,-2.4787,-0.24961,-0.72825
-0.57199,-1.6616,0.31257,0.2234
0.10472,-1.3328,-0.10881,-0.0097035
0.060644,-1.4483,0.26168,0.22271
0.70255,-1.923,0.060225,0.48274
-2.3117,-26.062,0.0033131,0.21878
-1.9286,-12.51,-0.026255,-0.46434
0.081333,-1.0447,-0.016115,0.40625
-0.84708,-1.963,0.002936,-0.035211
0.7482,-1.7769,0.044791,0.35372
0.45783,-1.319,-0.052836,-0.42189
-1.7776,-9.4203,-0.012495,-0.64744
-1.5143,-5.8192,-0.052637,-0.75398
2.1386,-18.632,0.0022111,0.041332
-4.1029,-916.17,-3.5649e-05,-0.075535
-3.39,-220.64,-0.00115,-0.31045
1.6966,-8.0222,0.008285,0.46035
-1.5286,-5.9662,-0.0081686,-0.90297
2.5181,-39.072,-0.0047608,-0.29509
-3.1451,-135.39,0.00011648,0.57987
-0.32245,-1.1878,-0.048864,-0.62067
0.52243,-1.4273,-0.22161,-0.58652
-1.0828,-2.8247,0.013806,-0.67286
2.4927,-37.2,0.0044183,-0.29117
0.8504,-2.0338,-0.048384,0.11938
-1.4724,-5.3491,-0.029045,-0.26119
-5.4099,-12501,-5.8814e-06,-0.18374
0.49705,-1.4001,0.027427,0.24684
-3.0227,-106.26,-0.0030212,-0.88441
-3.1907,-148.25,-5.6505e-05,0.35801
3.9019,-613.32,0.00063167,0.74779
2.2777,-24.383,0.0067682,0.76186
5.3187,-10418,3.2168e-05,-0.31004
1.4938,-5.5469,-0.0098943,-0.10667
2.6026,-46.225,0.0063886,0.44146
-2.3284,-26.928,-0.00083911,0.28871
-4.869,-4237.8,-4.1786e-07,-0.46043
2.1104,-17.74,0.023411,1.9486
1.6042,-6.7696,0.0078436,0.3348
0.84135,-2.0282,0.024316,-0.44175
-0.34263,-1.2173,0.10757,0.68522
-3.0857,-120.3,-0.0010585,0.089426
0.39696,-1.2516,0.035386,0.27853
-0.95027,-2.2941,0.021079,-0.39127
1.4447,-5.1433,0.062622,0.46363
3.1046,-124.89,0.00081611,0.47453
-2.7302,-59.478,-0.0028929,-0.91929
-4.025,-784.15,-0.00023113,-0.64493
3.1574,-138.78,0.0016119,0.41938
1.4224,-4.9314,0.0033007,-0.46534
1.4082,-4.8046,0.033177,0.89942
4.2486,-1225.9,-5.1629e-05,0.27849
-5.1749,-7813.1,-1.6831e-05,-0.53699
-0.53044,-1.4957,-0.18094,-0.37199
-1.7567,-9.0649,-0.019454,0.050575
-3.1585,-139.24,-0.0029357,0.025403
-1.0803,-2.8272,-2.9252e-05,0.37869
-0.476,-1.3562,-0.060712,0.28799
0.44217,-1.3574,-0.15495,-0.18787
-0.73491,-1.8339,-0.10761,-0.050701
5.116,-6945.1,6.4441e-05,0.68126
1.1473,-3.1293,0.05445,0.46736
-0.30163,-1.2894,0.17026,0.37538
-1.8367,-10.477,-0.011322,-0.53738
-0.23712,-1.2303,-0.063088,0.097198
1.2268,-3.5977,-0.015664,-0.82979
0.11494,-1.1875,-0.02727,-0.0091924
1.1025,-2.9844,-0.022312,0.30212
0.67036,-1.6748,0.095154,0.74657
1.676,-7.7526,-0.0088707,-0.30604
0.13946,-1.1296,0.026567,0.39607
0.78936,-2.0368,-0.08824,-0.3535
-0.82178,-2.0995,-0.22131,-0.88831
-0.10946,-1.2016,0.02227,0.43916
0.58418,-1.5015,0.099237,0.088583
-1.4594,-5.2406,-0.0019537,-0.56789
-1.5547,-6.3051,-0.024044,-0.36145
-0.08293,-1.1673,-0.045914,-0.31173
4.7424,-3290.1,-1.8734e-05,-0.25273
1.6181,-7.0281,0.030776,0.24964
-2.7903,-67.002,-0.0043382,-0.17145
-0.036632,-1.1612,0.13593,0.50163
-0.10391,-1.181,0.11392,0.88799
0.046842,-1.162,-0.13947,-0.55583
-1.6132,-7.036,-0.012938,0.073079
0.61962,-1.6754,0.13111,0.78407
-0.4022,-1.2586,0.13235,0.65782
3.1913,-148.6,0.00072079,0.44303
1.6536,-7.5486,0.03212,0.082366
0.94697,-2.4233,0.071723,0.11632
1.2675,-3.8437,0.061679,0.14301
2.5011,-37.907,-0.0012935,0.31277
1.5026,-5.7659,0.027498,0.24426
-1.7864,-9.6114,0.00013217,-0.21135
3.1435,-135.02,-0.00021721,-0.17009
-1.3209,-4.2704,-0.061525,-0.63018
1.2921,-3.9981,-0.041899,-0.42082
1.2401,-3.8107,0.12464,0.72248
3.4625,-255.13,0.0016193,0.54249
1.5334,-5.9651,0.02842,0.34476
0.9598,-2.3352,-0.0014984,-0.098932
0.0095243,-1.1792,-0.11436,-0.25565
-4.5484,-2232.6,8.1402e-05,0.45643
1.2243,-3.5286,0.028771,0.057139
0.19652,-1.2778,0.3648,0.3611
-1.4757,-7.8793,-0.51066,-1.8696
-0.41938,-2.2114,-1.0642,-0.38844
0.25565,-2.165,2.156,1.1353
-0.80346,-2.9267,-0.486,-1.1555
-0.81413,-2.9301,-0.77218,-1.1435
0.45616,-2.6647,1.8896,0.7559
-0.67346,-2.7063,-0.99289,-1.1976
1.4475,-8.725,1.228,2.3416
-0.52533,-2.2355,-2.0592,-1.5099
-0.77117,-2.9118,-0.42245,-1.3735
0.73188,-2.9707,0.49454,1.3066
-0.4212,-1.9645,0.40427,-0.29012
-1.0204,-4.8434,-1.723,-1.9125
1.8146,-11.384,0.34768,1.5842
-0.6621,-2.5062,-0.54638,-0.85626
-0.97497,-3.6934,-1.4687,-1.1534
0.038417,-2.5463,0.57538,-0.64204
-0.29136,-2.0714,-1.7007,-0.77061
1.3928,-6.7191,0.92863,2.2063
0.01698,-1.6116,0.48444,0.53694
0.45231,-3.7562,2.1581,1.4966
-0.36736,-2.0897,-1.4176,-0.96409
-0.19815,-2.5341,-1.8837,-0.52252
1.0506,-4.4137,1.4629,2.0251
-1.2989,-7.5673,-1.4993,-2.4155
1.1968,-4.9627,0.94951,1.6131
-0.24684,-1.8372,-1.6871,-0.287
0.43254,-1.9715,0.73159,1.0286
0.74555,-3.5449,2.1524,2.0151
1.6601,-10.328,0.80829,2.3559
0.38209,-2.5687,-0.29675,0.87718
-0.57884,-2.3328,-0.58564,-0.74665
-0.90387,-3.6446,-1.5582,-1.1142
-0.85726,-3.7418,-0.20588,-1.1653
-0.38559,-1.8002,0.065992,-0.29472
-0.18308,-2.8896,-1.868,-0.27912
-0.84587,-2.8677,0.34978,-0.74036
0.488,-2.0297,-0.19131,0.16142
0.82258,-3.1054,0.78662,1.1794
0.095225,-3.0123,1.0906,-0.71894
-0.93046,-4.5416,-2.0241,-1.5127
0.5337,-2.355,1.4795,0.6576
0.62829,-3.6842,2.2267,1.2247
-0.13038,-2.8893,-1.5354,-0.32391
1.0369,-4.2431,0.99179,2.157
0.063724,-1.9665,-1.1889,-0.02504
-0.17959,-1.8898,0.77941,-0.26919
1.0325,-3.4414,0.81561,0.80176
1.5661,-9.3867,0.58578,2.1514
0.17996,-1.8423,0.69933,0.69409
1.1063,-2.8432,-0.0040646,0.23291
-0.17617,-1.0777,0.053907,-0.12076
0.14004,-1.0968,-0.025916,-0.15172
-1.9725,-13.462,-0.0034365,-0.013985
2.4163,-31.916,0.00058884,-0.049895
-3.9056,-617.65,0.00010756,0.11718
4.1509,-1008.4,4.7244e-05,0.2478
2.1817,-20.17,-0.0019644,-0.0094353
-6.9078,-2.5002e+05,-1.0405e-05,-0.20398
-0.90797,-2.1508,0.018286,0.52666
-0.29415,-1.153,0.082478,0.39255
1.6013,-6.7191,-0.015643,-0.51969
-1.6212,-6.9477,-0.0037005,-0.2317
-0.87605,-2.0242,0.030417,-0.019239
-3.1456,-135.5,-5.8484e-05,-0.62941
2.2226,-21.837,0.00084297,0.56404
-0.34196,-1.1646,0.053571,0.05599
1.8535,-10.802,0.0080518,-0.33108
-3.9563,-683.42,-8.2642e-05,-0.15465
-1.6867,-7.8342,-0.010019,-0.66893
2.9311,-88.423,-4.8657e-05,-0.17482
-4.1509,-1008.4,6.5536e-05,-0.16609
-1.9276,-12.358,-0.0050642,-0.035705
-3.594,-331.43,-0.000261,-0.30815
-4.9618,-5102.4,5.8454e-05,0.15283
-0.49158,-1.3264,0.028113,0.080284
-4.6361,-2659.9,5.6988e-06,-0.52299
-3.9468,-670.55,0.00022531,0.58939
-0.66085,-1.5412,0.024767,0.71175
2.4322,-32.964,0.00037736,-0.16667
-3.179,-144.81,-0.00061037,-0.50085
-0.42687,-1.2314,-0.036724,-0.0052241
0.070794,-1.0679,-0.0067747,-0.014233
0.55083,-1.3694,0.061207,0.31465
-2.5023,-37.809,0.0039615,0.70899
2.8756,-79.199,-0.00023476,0.10804
0.033937,-1.0525,-0.042138,0.075576
-0.037135,-1.0357,0.04511,-0.30722
-3.2885,-180.16,-0.00064861,-0.46561
-0.40191,-1.2405,-0.04053,0.29828
0.87929,-2.0479,0.075643,0.75163
0.2494,-1.1353,-0.12325,-0.33144
-1.2183,-3.4006,0.028294,0.15547
-2.4789,-36.134,-0.0027834,-0.22235
4.4976,-2016.5,3.9854e-05,0.32109
2.8317,-72.578,-0.0019543,-0.28141
1.0298,-2.5767,-0.010675,-0.27843
-4.0692,-856.52,-7.6862e-05,-0.46281
2.6923,-55.065,0.0013144,0.86205
-0.038084,-1.0415,0.013013,0.16746
0.85976,-2.1495,0.31616,0.55557
1.2687,-3.9192,0.041323,-0.0434
-0.87044,-2.1731,-0.059409,0.12686
0.53095,-1.6065,0.21188,-0.32797
-1.1736,-3.393,-0.18655,-1.0714
1.5342,-6.1732,0.071252,0.48353
0.32061,-1.4404,0.24458,0.10708
0.52692,-1.6203,0.064893,-0.098741
0.61156,-1.5829,0.26582,0.45969
0.95564,-2.4274,0.070635,0.25872
0.56753,-1.5359,0.20142,0.13014
-0.41568,-1.364,0.051661,-0.23601
1.5513,-6.4317,0.11449,0.90351
-0.7904,-1.9399,0.047151,0.32223
1.065,-2.9553,-0.012179,-0.21004
-0.014729,-1.351,-0.38988,-0.52896
0.39563,-1.5189,-0.02653,0.46566
1.3931,-4.9497,0.043879,0.43753
0.31589,-1.4648,0.58667,1.1711
-0.35222,-1.3055,-0.1985,-0.15138
-0.71964,-1.8551,-0.015429,-0.37161
2.3583,-28.878,0.025068,0.70954
1.0385,-2.8325,0.10094,0.27124
-0.41489,-1.4441,0.33552,0.41749
0.8189,-2.0102,0.084142,0.18661
-1.0758,-2.9686,-0.2425,-0.8749
0.82048,-2.0876,0.17162,0.52864
-0.51975,-1.656,-0.14795,-0.29872
-1.3781,-4.777,-0.10018,-0.78651
-0.0084082,-1.2021,0.53541,0.84363
0.10302,-1.238,5.7134e-05,-0.40273
-1.0281,-2.7047,-0.032863,-0.31088
-0.20071,-1.2849,0.28668,0.5599
-0.95585,-2.4599,-0.010427,-0.43952
0.68723,-1.9779,0.39988,0.36574
0.022182,-1.2579,0.46344,0.56606
0.17194,-1.3141,0.085557,0.015568
1.4387,-5.216,0.070481,0.32516
-0.54648,-1.6136,-0.26523,-0.49371
0.67404,-1.8695,0.16005,-0.11502
1.3286,-4.4415,0.15675,0.56924
0.11921,-1.3449,0.056064,0.061637
-1.0419,-2.8242,-0.18133,-0.44346
-1.1416,-3.2622,-0.0093537,-0.12108
-0.71209,-1.9141,0.095076,-0.19497
-0.88723,-2.2466,-0.11783,-0.28033
0.53858,-1.6738,0.32113,0.45406
-0.049689,-1.2843,-0.035794,0.19087
-1.1146,-3.1647,-0.079832,-0.29835
-0.36305,-1.4643,-0.22385,-0.31004
0.906,-2.2884,0.0057929,-0.1757
-0.96024,-2.5032,-0.084786,-0.60922
1.55,-6.335,0.024113,1.141
-0.36233,-1.371,-0.13334,-0.32036
0.84854,-2.1779,0.23507,0.24344
-0.93594,-2.3939,-0.19128,0.087758
-1.4811,-5.7455,-0.14463,-0.86153
-1.1631,-3.273,-0.070562,-0.44442
-0.77682,-2.1083,0.037419,0.073154
1.4393,-5.3039,0.11039,0.69767
-0.50424,-1.5562,0.14964,0.050026
0.4377,-1.493,0.35874,0.76772
0.22395,-1.2487,-0.11889,-0.22483
3.8496,-552.55,0.00081267,0.68255
0.1709,-1.3369,-0.043851,-0.061308
2.6814,-54.271,0.013915,0.86484
-0.37824,-1.3732,-0.10111,-0.012847
1.1041,-3.0281,0.063283,0.34912
0.48198,-1.4733,-0.020866,0.14121
-0.73322,-1.9407,-0.11424,-0.68151
0.31943,-1.4496,0.56518,1.2416
-1.605,-6.8994,-0.03915,-0.90412
-0.74084,-1.916,-0.31081,-0.48852
-0.24393,-1.3425,-0.33877,-0.43686
-1.7504,-9.0457,-0.074289,-1.1344
0.70553,-1.912,0.3969,0.59027
-1.5605,-6.4573,-0.054952,-0.71082
-1.6778,-7.8574,0.021414,0.089445
1.4359,-5.2538,0.061875,0.49663
1.1398,-3.1471,0.033921,0.33534
-1.2781,-3.9421,0.011285,-0.034234
0.68828,-2.0418,0.34138,0.15796
-0.90167,-2.2697,-0.089006,-0.23323
-0.14712,-1.2894,-0.10478,-0.038125
0.32086,-1.3607,0.069783,0.14615
-1.9585,-13.264,-0.036055,-0.95706
2.0166,-14.963,0.025706,0.94199
0.93883,-2.4191,0.075268,0.59956
-0.29712,-1.2731,-0.052385,-0.0068273
0.8383,-2.0665,0.021908,0.51527
0.39747,-1.4218,0.19704,-0.83979
1.4312,-5.0842,0.05072,0.83141
0.91294,-2.4445,0.07815,0.18608
1.0382,-2.7509,0.2717,1.2709
0.9007,-2.267,0.093814,0.45886
-0.49904,-1.568,0.15939,-0.17177
1.0178,-2.6349,0.1117,0.99236
-1.5024,-5.9172,-0.089575,-0.47187
2.0044,-14.753,0.07372,1.1338
0.31294,-1.2725,0.011651,0.54462
3.0622,-116.04,0.013932,2.3962
1.209,-4.1225,0.30869,1.7836
0.38323,-1.8503,0.50645,0.075295
-2.9425,-91.566,-0.018463,-2.4674
0.31842,-1.5678,0.60623,1.1123
-1.0414,-3.1444,-0.17453,-1.3152
1.3915,-5.8151,0.24218,1.3255
-0.31291,-1.6133,0.04548,0.30936
-2.2936,-26.663,-0.046764,-2.3611
2.5013,-39.087,0.035241,2.5181
-1.0961,-3.5779,-0.10233,0.22406
2.598,-48.613,0.051272,2.7955
-2.5131,-41.227,-0.063306,-3.2033
0.59923,-2.0969,0.35043,-0.45427
-0.10217,-1.4968,0.164,0.5066
-3.2548,-170.12,-0.010966,-3.3188
-2.1257,-18.828,-0.04836,-2.6498
-1.0937,-4.1781,-0.52807,-1.0042
-0.13154,-1.7111,0.23399,-0.65918
1.5803,-7.0375,0.044558,1.429
2.0435,-18.171,0.15086,3.0292
0.81619,-2.9108,0.43474,1.9172
-0.38753,-2.3099,-0.067197,-0.32186
0.38966,-2.1409,0.60066,0.82952
2.7023,-58.175,0.031461,1.059
-1.2393,-4.5352,-0.1806,-0.71509
2.9061,-85.399,0.0075478,1.9164
-1.9805,-14.216,-0.071324,-1.5267
0.82675,-2.4791,0.10138,0.17846
1.0804,-3.2615,-0.053416,0.71033
1.7572,-10.181,0.093027,1.6541
-0.062519,-2.2427,0.28568,-0.16824
-0.87309,-3.7572,-0.33855,-1.8723
0.1148,-1.5915,0.79691,1.6844
1.5544,-7.3364,0.30933,3.4551
-2.5602,-43.603,-0.020442,-2.3192
0.67796,-2.4207,0.58202,1.3171
-1.6057,-8.1731,-0.3236,-2.408
-2.4188,-34.267,-0.067044,-2.8197
-2.4271,-33.296,-0.021749,-1.4795
0.80836,-2.7996,0.48751,0.67055
0.81703,-2.6374,0.45945,1.106
1.0111,-2.9912,0.071027,0.66759
-0.23794,-2.3125,-0.58931,-0.11468
-3.7032,-425.43,-0.0093856,-3.5562
-2.3582,-30.005,-0.045497,-2.3109
0.98855,-3.0755,0.27619,1.4574
1.6121,-7.5419,0.046748,1.059
-0.033683,-1.8652,0.11541,0.59768
1.6617,-8.7231,0.129,2.4664
2.1367,-18.505,-0.002618,-0.49164
2.9729,-96.099,0.00079907,0.4217
2.008,-14.525,0.018061,0.49472
3.7382,-442.06,-6.9035e-05,0.3252
0.93572,-2.2275,-0.0076249,-0.044949
2.467,-35.348,0.0032944,0.19245
4.6983,-3012.5,3.4892e-06,-0.025208
0.91409,-2.1637,0.066719,0.79369
1.3549,-4.364,0.057511,1.3814
-4.1996,-1111.5,8.059e-06,0.08657
1.5823,-6.5283,0.023306,-0.091478
-3.1862,-147.01,-0.0031692,-0.030037
4.9934,-5435.3,8.7994e-06,0.18951
-3.3804,-216.43,-5.2221e-05,-0.0098219
1.2394,-3.5725,-0.0077953,-0.98589
-3.0154,-104.63,-0.0013418,0.020338
-3.2622,-170.95,0.00014045,-1.174
0.627,-1.5217,0.14002,0.579
-0.54333,-1.4274,-0.087336,-0.30267
-0.43362,-1.2452,-0.075032,-0.15136
1.796,-9.6421,0.019109,0.11517
-2.1735,-19.893,-0.0029054,-0.98783
-1.1066,-2.8723,0.020051,0.30791
-2.3125,-26.06,-0.0027489,-0.01574
1.946,-12.812,-0.005258,-0.35257
2.9232,-87.05,0.00066773,0.64174
2.1008,-17.314,0.0073616,0.27221
-0.37276,-1.2218,-0.073579,-0.1444
-4.3084,-1381.6,1.0607e-05,-0.70806
1.2559,-3.6482,0.030892,0.17747
3.466,-256.7,0.00064234,0.50628
-1.8616,-10.933,-0.026013,-0.85142
-2.5039,-38.002,-0.0056668,0.079299
-0.73855,-1.7058,0.010931,-0.14597
2.221,-21.8,-0.0038211,0.054105
2.7652,-63.612,0.004151,1.3997
-1.1585,-3.132,-0.046283,-0.21599
-6.5612,-1.25e+05,5.955e-06,0.096652
0.90307,-2.1021,0.085061,0.5556
1.5589,-6.2364,0.0089583,0.0054501
-0.031312,-1.1006,0.29441,0.12095
2.1159,-17.772,0.0069939,-0.28566
1.6168,-6.9271,-0.0034834,0.07562
-1.4424,-5.0279,0.0021494,0.20517
-1.5047,-5.6834,-0.060295,-0.41296
1.6036,-6.7522,-0.0019607,0.069288
0.71764,-1.6587,0.030405,-0.1359
-3.2256,-159.03,-0.0020627,-0.78435
1.2552,-3.6464,-0.0033194,0.46701
1.4671,-5.3001,0.044313,0.98488
-0.017926,-1.5577,0.069545,1.1277
2.7837,-66.284,0.0036497,0.023871
-2.7246,-59.003,-0.0060179,-0.97074
2.7278,-59.805,0.0072609,1.8513
2.3007,-26.701,0.039968,1.0244
-1.1262,-3.3464,-0.096618,-0.82721
-2.1275,-18.421,-0.010336,-0.64356
4.0591,-841.12,0.0015207,3.442
0.058721,-1.365,-0.11211,-2.6392
-2.8981,-83.373,-0.0028601,-0.68321
-3.6326,-359.29,-0.0015997,-1.6269
3.5934,-331.65,0.0013907,2.0697
2.3703,-30.137,0.027948,1.5059
0.88903,-2.4489,0.13453,0.56697
-1.5427,-6.3001,0.017719,-0.29039
3.3114,-189.43,0.0037151,1.9633
0.42131,-1.5704,-0.0079649,0.42077
-2.2266,-22.268,-0.007226,-1.5225
1.6902,-8.2382,0.063452,-0.19793
0.95961,-2.5405,0.16752,0.039311
4.7907,-3624.4,0.00032995,2.6578
-0.27217,-1.438,-0.39248,-1.6687
4.0329,-797.17,0.00058033,2.2817
2.1579,-19.67,0.0083007,2.1425
2.7866,-66.689,-0.000225,1.556
-2.4807,-37.675,-0.020174,0.060121
-0.51709,-1.6674,0.023589,-1.2649
-2.8088,-69.86,-0.0077231,0.34628
-0.21264,-1.3728,-0.044417,1.0302
1.892,-12.346,0.059306,2.8397
3.4425,-247.53,0.005457,2.3296
3.1624,-140.5,0.0014179,2.2278
2.2137,-21.886,-0.0068565,0.48883
0.68085,-1.7855,-0.14457,-0.91731
3.5318,-296.48,0.0053906,2.234
2.8025,-68.971,0.0057355,0.59759
-2.4337,-33.53,-0.0007981,-1.1715
4.0557,-834.31,0.00021913,-0.40189
-2.6703,-53.634,-0.0153,-1.7019
4.5952,-2451.8,0.00019136,1.177
-1.2022,-3.9557,-0.10622,-1.8477
-2.6066,-47.142,-0.0062245,-0.99645
-2.9485,-92.001,-0.006187,-0.57779
1.5067,-5.9538,0.063472,0.10949
-1.1857,-3.4939,-0.023563,-1.3904
0.10907,-1.2836,0.092252,1.125
3.2134,-155.89,0.0031587,1.7245
-2.5131,-39.491,-0.01141,0.44181
2.2558,-24.295,0.02144,2.1665
3.0606,-114.86,0.0049233,2.1715
-0.32105,-1.4167,0.20786,0.42285
1.0177,-2.657,-0.050446,0.29396
0.15881,-1.3307,0.22621,0.93908
-0.14911,-1.3414,-0.064447,-0.77739
-1.3611,-4.5454,0.031704,0.30653
0.85501,-2.4713,0.25285,0.10861
0.79259,-2.1442,0.19239,-0.20132
-0.35612,-1.458,-0.015995,-0.99431
-1.873,-11.562,-0.036083,-0.26716
0.61264,-1.8526,0.16439,-0.073618
0.20579,-1.3752,-0.23863,0.24341
-0.085288,-1.3123,0.61936,0.61538
-1.2011,-3.553,-0.025928,0.52315
-0.1044,-1.3506,-0.37637,-0.38258
-1.6486,-7.4939,-0.083622,-0.45275
4.9041,-4546.2,-3.533e-05,0.37263
-2.1425,-18.896,0.003541,-0.16804
-1.0926,-3.1137,-0.12357,-0.36608
0.092602,-1.1815,0.2041,0.83183
0.30429,-1.3023,-0.040746,0.15176
-1.1129,-3.1271,0.061326,-0.11406
0.81745,-2.3792,-0.13259,0.13673
0.29051,-1.308,0.14722,-0.23829
-0.27353,-1.3686,-0.41562,-0.40994
2.2252,-22.248,-0.016372,-0.39064
0.017194,-1.2915,0.3011,0.76939
0.48234,-1.617,0.41286,0.35046
-0.29339,-1.6452,-0.55163,-1.1344
1.1324,-3.1992,0.10834,-0.059909
-1.2778,-4.0007,-0.049384,-0.48816
-1.4597,-5.4086,0.060972,0.87635
0.22132,-1.3654,0.44453,0.9043
-1.0406,-2.9719,-0.16936,-0.2562
0.43783,-1.5736,0.030677,-0.12255
0.94364,-2.4685,0.20006,0.89844
1.3598,-4.681,0.065086,0.55794
-2.8116,-70.074,-0.0062404,-1.1024
3.6088,-341.8,0.0023573,1.1269
-0.24664,-1.4902,-0.42102,0.08039
0.10864,-1.3587,-0.29017,-0.06751
-0.19021,-1.4583,-0.27031,-0.11085
-0.69578,-1.7394,0.033092,-0.078559
0.19356,-1.3423,0.20563,-0.13984
-0.57891,-1.8094,-0.19096,0.00091725
-1.7609,-9.3527,-0.05283,-0.71759
0.043786,-1.3301,-0.21419,0.12574
1.3328,-4.5108,0.10812,0.25194
2.1163,-18.003,0.030499,0.52702
-2.4939,-37.48,-0.010837,-0.4671
-0.97747,-2.4905,0.075898,0.090785
0.44313,-1.3769,0.03195,-0.41936
-4.7835,-3572.1,-8.6985e-05,-1.539
-2.0018,-14.428,-0.0086747,-0.69811
2.6318,-48.966,-0.00073441,0.82678
1.9088,-12.06,0.0036749,0.042652
-0.77214,-1.8564,-0.04535,-1.0294
-0.15521,-1.2653,-0.17495,0.30826
-1.3866,-4.697,-0.054449,-0.58319
3.3091,-187.86,0.0015123,-0.62595
2.2196,-21.881,-0.0022689,0.40847
-0.7964,-2.0193,-0.25843,0.088346
1.2244,-3.6774,0.15256,1.0463
3.3429,-201.07,0.0018661,0.395
0.44077,-1.4324,0.019205,-0.57913
2.7764,-65.253,0.0016594,0.31229
-5.0044,-5556.3,1.3809e-05,0.06373
2.1327,-18.566,0.0079636,0.20189
3.4875,-268.05,-0.00038795,-0.26611
-1.2357,-3.7581,-0.090628,-1.5765
1.3134,-4.2505,-0.021565,0.12584
-3.3756,-214.64,-0.00025999,-1.0936
0.96744,-2.5627,-0.080821,0.27116
-4.4369,-1786.3,-8.5671e-05,-0.57669
-4.5903,-2427.8,-0.00012654,0.59683
-3.7149,-422.2,-0.00041622,-0.52612
-0.52836,-1.5537,-0.3302,-2.0255
-2.8938,-82.408,-0.0051021,-0.6569
1.7844,-9.4915,-0.0037092,-0.060207
2.5044,-38.152,0.0020733,0.1604
0.85123,-2.0706,0.012695,0.33823
0.84207,-2.098,-0.0051037,-0.21531
2.2295,-22.253,0.006987,-0.025883
0.024093,-1.1374,-0.057657,-1.1638
-4.4778,-1938.9,-0.00044399,-1.3718
-0.066799,-1.4023,0.26455,0.31037
0.89687,-2.2822,0.067781,-0.030399
-0.77519,-2.0946,-0.1731,-0.60259
2.6351,-49.436,0.0040175,0.8851
3.3209,-192.46,0.0037465,1.0119
-0.096173,-1.2167,-0.06084,1.5122
0.61104,-1.558,0.040048,-0.49712
3.7844,-485.01,-2.0608e-05,0.76112
1.8565,-11.052,0.052961,1.0856
-2.5431,-41.431,-0.011975,-1.1021
1.136,-3.0807,0.051646,-0.1172
2.0718,-16.697,0.01795,0.53743
-3.1957,-149.83,-0.00013347,0.63946
-0.30003,-1.3353,0.099652,0.94546
0.093469,-1.2225,0.41517,0.9761
0.1525,-1.3313,-0.049448,-0.8761
-1.3395,-4.2649,-0.023651,-0.094589
2.2233,-21.929,0.0048567,0.28354
-1.3118,-4.0595,-0.03451,-0.32908
0.90438,-2.186,0.034757,0.31169
-0.16546,-1.0971,0.1252,-0.18282
-2.1996,-20.952,-0.0051379,-0.077712
-2.1804,-20.155,-5.2815e-05,0.14733
-1.8627,-10.999,-0.01745,0.026181
-1.9192,-12.209,0.0046965,0.27127
4.0474,-820.11,0.00027421,0.45757
0.65869,-1.5812,0.024397,-0.16025
0.76071,-1.765,0.048438,0.24446
-0.58515,-1.4572,-0.07116,-0.89944
-1.0199,-2.5942,-0.036025,-0.11876
2.4767,-35.984,0.0025168,0.56464
0.70439,-1.706,0.011982,0.4003
1.0598,-2.686,-0.063942,-0.62912
-0.32268,-1.1938,0.18412,0.16124
-1.9068,-11.956,0.011613,0.65641
2.5501,-41.631,0.0022371,0.18224
-2.9215,-86.782,-0.0010502,-0.38599
-0.24285,-1.1451,-0.014153,0.16764
1.7235,-8.4527,0.027185,0.28286
0.14545,-1.1002,0.05505,0.36404
-1.2925,-3.9631,-0.071818,-0.74984
-0.16696,-1.1201,-0.023933,0.094362
-1.3952,-4.7377,0.019957,0.64208
-1.7581,-9.0271,-0.0082875,-0.24528
0.89043,-2.1265,0.072058,0.20083
-1.5513,-6.1856,-0.019625,0.079246
1.9032,-11.805,0.010229,0.15366
-0.93895,-2.316,0.05121,0.015564
-0.82961,-1.9589,-0.082161,-0.79772
-1.6463,-7.3549,-0.0069461,-0.22908
1.3105,-4.0866,0.033281,-0.08734
-0.65351,-1.6682,-0.034525,0.43779
0.75091,-1.7646,-0.049893,0.047617
0.52082,-1.4267,0.016839,0.74546
1.4474,-5.091,-0.01194,0.37302
-2.0543,-15.798,-0.0023167,-0.41332
4.2131,-1141.9,0.0001455,0.41899
-3.2122,-154.81,-0.0019345,-0.15797
-1.8241,-10.212,-0.0002164,-0.15782
-0.61938,-1.5351,0.076003,0.070521
0.6683,-1.6288,-0.013867,0.24867
-0.736,-1.7915,-0.054173,-0.38176
-0.059946,-1.1249,-0.036649,0.32395
-0.60306,-1.5612,-0.02535,0.31401
-3.7382,-442.14,-0.00086975,-1.0553
0.68549,-1.6659,0.14668,-0.16785
0.2851,-2.2536,-0.71056,0.17948
-1.653,-8.916,-0.23511,-2.5509
-0.002412,-2.2784,1.2073,-0.4255
-0.21401,-1.6371,-0.89614,-0.45055
1.9891,-15.126,0.084406,2.8968
-2.0244,-17.231,-0.15949,-1.3592
-1.3389,-5.1885,-0.34516,-1.8291
-0.2455,-1.902,-1.6539,-0.89402
0.76649,-2.5647,0.25413,0.98295
1.7813,-10.427,-0.0043209,1.2992
-0.48079,-2.1334,0.15215,-0.46163
1.9531,-16.083,0.34051,3.3269
2.1162,-19.505,0.16107,1.8383
-0.097841,-1.5793,-0.083697,1.9773
-0.14971,-2.3544,-1.3781,0.11429
-1.4765,-6.2061,-0.41028,-0.63481
-1.0225,-3.1335,-0.22554,-0.96359
0.12991,-1.7942,-0.62166,-0.32436
0.53507,-2.1076,-0.42716,0.29725
0.88009,-4.3387,1.431,0.88574
-0.68909,-3.1128,-0.72183,-2.0243
1.1233,-7.5395,1.62,2.0918
3.8227,-527.64,0.0091117,2.5812
-0.39392,-2.3048,-0.82683,-1.218
2.4088,-33.567,0.14212,0.82564
0.49215,-2.2304,1.6458,-0.61373
1.6249,-10.895,0.72482,2.5628
2.9764,-98.688,0.029619,2.8822
0.84785,-2.5993,-0.042072,-0.25499
0.62604,-2.3287,0.18358,0.6387
-1.1484,-5.3637,-1.2898,-2.7287
1.1478,-3.7466,-0.077344,0.80514
0.8971,-4.5804,1.7777,2.407
-0.58871,-2.7877,-0.85724,-0.8178
1.5151,-6.8794,0.24418,1.6735
-1.2289,-4.7174,-0.0019111,-2.4301
-0.333,-2.3215,-0.43939,-0.081252
-0.84994,-3.6285,-1.503,-0.39263
1.1756,-6.7734,1.4525,1.6367
0.87864,-3.112,-0.32209,0.059203
0.95317,-4.9681,1.6217,1.8885
1.6877,-8.8677,0.016368,1.8754
1.9158,-12.848,0.080576,0.39046
-0.73778,-3.225,-1.4848,-1.3863
1.7645,-9.7834,-0.0087401,0.39983
-0.61568,-2.2445,0.91827,-0.10513
0.60241,-2.9538,1.5196,0.81657
-1.8517,-11.929,-0.041638,-1.3696
-1.5036,-7.2053,-0.44977,-2.6923
0.72347,-2.1714,0.6609,0.44127
2.25,-23.372,0.0089525,0.5088
-0.36967,-1.3803,-0.12235,-0.3268
-2.7438,-61.437,-0.004471,-0.3117
1.1536,-3.3781,0.044971,0.58957
-2.6583,-51.753,-0.0076052,-0.24694
-1.0728,-2.9543,-0.17487,-0.92451
2.8006,-68.461,0.002881,0.39266
1.6259,-7.1809,0.05532,1.5658
1.2398,-3.8453,0.075956,-0.081566
-0.60204,-1.5365,0.13084,0.38741
1.2224,-3.6799,0.073689,0.26348
1.4558,-5.3245,0.070355,-0.00065031
2.3839,-30.171,0.010832,1.0666
0.91661,-2.3555,0.032468,-0.20224
1.6803,-7.9748,0.011219,0.35903
-0.057108,-1.2166,0.059473,-0.40808
1.4881,-5.6406,0.078808,1.738
-3.6713,-386.97,-0.0011234,-1.0844
0.68987,-1.7897,0.10048,-0.36147
3.1877,-147.46,0.0015889,0.38997
2.6074,-46.769,0.0055905,0.57651
-0.72472,-1.9603,-0.13207,-0.57953
-0.23157,-1.2766,-0.072843,0.72395
-2.3632,-29.124,-0.015319,-0.92201
-1.2393,-3.755,-0.038104,-0.030508
-0.98201,-2.5359,0.017046,-0.13039
-0.73336,-1.7636,-0.0041991,0.17541
-0.72832,-1.8271,-0.013237,-0.45112
1.1365,-3.2571,0.16998,0.91374
-0.96661,-2.5197,-0.24034,-1.2135
0.35773,-1.3177,0.13278,1.1938
-2.333,-27.162,0.00096065,0.264
-2.6266,-48.424,-0.0027726,-0.2684
0.17418,-1.2667,-0.19404,-0.047732
2.2191,-21.891,0.0029518,0.51392
1.5974,-6.7768,-0.0075655,0.1028
-1.8425,-10.617,-0.01956,-0.77267
1.8445,-10.635,0.012055,-0.27016
-1.1862,-3.4821,0.023021,0.33195
0.070631,-1.2055,-0.066878,-0.044281
-2.7421,-61.06,-0.0036545,-0.16978
0.51341,-1.5028,-0.17545,-0.8865
-1.0094,-2.6879,-0.028184,-0.66901
0.45428,-1.4666,0.13102,0.0041718
1.9933,-14.284,0.009165,-0.26274
-1.7405,-8.822,-0.0027809,0.42048
1.8166,-10.193,0.026859,-0.24933
2.8088,-69.695,0.0046215,0.24641
-5.5215,-15626,-7.6301e-05,-1.3392
-1.5335,-6.0101,-0.054146,-0.45451
2.3534,-29.813,0.048042,1.942
0.30506,-1.682,0.91776,0.37866
1.6657,-10.719,1.0846,2.217
0.39509,-2.1621,3.254,0.85524
-0.66376,-3.4051,-3.3668,-0.93407
0.70448,-2.1462,-0.33762,0.22126
0.89614,-5.8815,3.1454,2.2633
0.19993,-2.4395,0.6497,1.1658
-0.30575,-1.9554,-3.3108,-1.1491
-2.3645,-30.321,-0.024697,-1.4334
-0.87369,-8.6514,-3.5116,-1.5912
0.39829,-1.8148,-1.0294,-0.13392
0.7153,-2.4572,1.1777,1.1444
1.9582,-14.305,0.30645,1.1899
-1.1367,-5.1482,-2.3075,-1.4973
-0.52899,-1.9608,-1.4067,-0.58519
1.3586,-7.4088,1.5093,2.5464
-0.73725,-2.2866,-0.34377,-0.061589
1.0829,-3.2764,0.30181,0.91338
-0.84019,-2.8946,-1.2265,-1.533
0.24988,-2.6445,-0.72408,0.49538
-0.54571,-1.7836,-0.61431,-0.43849
0.91545,-4.3419,2.877,0.72023
0.054307,-1.9338,1.323,0.14383
-1.608,-8.2221,-0.34036,-1.4513
0.54681,-2.3687,2.9982,1.11
-0.92923,-9.7695,-3.4862,-1.7056
0.011751,-1.7166,1.8541,0.10485
-0.42286,-2.7027,-3.3186,-1.2444
1.1363,-4.7268,2.0399,1.3679
-0.97578,-2.7747,-0.76793,-0.35183
-0.73948,-4.3216,-3.3694,-0.89085
0.52122,-2.4812,0.74889,1.3189
-0.70928,-3.89,-3.019,-1.2836
-0.62948,-3.4183,-3.4363,-0.6566
-0.75892,-2.6475,-2.4694,-1.0384
0.27482,-1.6331,1.459,0.020624
0.28539,-2.1652,-0.18613,-0.11629
0.25749,-1.9736,3.4008,0.81196
1.9514,-17.282,0.71325,2.6045
-0.92216,-3.2027,-2.1849,-1.2512
-1.5212,-7.0687,-0.80329,-0.94111
0.99952,-3.6693,0.72315,1.1435
1.0643,-3.2078,-0.42891,0.8158
0.41726,-1.8826,-0.26072,-0.026382
0.7087,-4.9001,4.0894,2.6183
-1.3195,-7.2012,-2.0121,-3.1951
-0.27906,-1.8208,-3.1513,-0.58081
-0.20621,-2.6243,-3.3955,-1.6907
-1.5742,-7.3294,-0.35179,-1.5071
-1.513,-8.4143,-0.84045,-3.306
-0.63707,-3.3974,-0.35848,-0.6961
0.2174,-2.5669,1.1681,0.49585
-0.34462,-4.0199,-1.8834,-1.2462
-0.35629,-2.2658,-0.19957,-0.46766
-1.4622,-8.6073,-0.3334,-0.98874
-0.20539,-2.1983,0.85858,-0.14186
-1.729,-11.043,-0.25484,-2.0722
0.11625,-1.883,0.68875,0.48323
-1.2791,-6.2887,-1.1148,-3.2969
1.9979,-15.562,0.17474,3.5585
-0.14029,-2.1519,-0.72776,0.41345
-0.48189,-2.0533,-1.4518,-0.53356
-0.47367,-2.8914,0.3988,-1.3688
-0.086011,-2.0328,-0.39366,-1.3942
0.81221,-3.632,0.54579,1.5127
-1.1488,-5.2301,-1.02,-2.4999
0.49516,-2.616,-0.58232,0.64825
0.71946,-7.138,1.9572,2.2971
0.089936,-1.921,2.0533,1.2359
-0.41994,-3.3063,-1.4236,-0.19149
-1.5544,-6.8172,0.15197,-0.54198
0.4752,-2.3443,0.35848,0.50021
-0.1973,-2.8843,-1.3215,0.081773
0.46524,-6.2545,1.8721,1.1137
0.46657,-2.4921,-0.1792,0.56025
-0.28973,-2.9212,-1.837,-0.10273
0.48245,-5.4372,2.1089,1.6632
1.2852,-5.3424,0.81301,1.5873
-0.94941,-5.2639,-0.5224,-1.563
0.055383,-1.9423,-0.25986,0.097353
2.5077,-47.381,0.20571,3.2888
-1.2267,-5.4422,-0.42308,-1.5869
-1.5293,-6.8587,-0.3463,-2.1776
-0.51278,-2.6657,0.57188,-0.17269
-0.049392,-2.5494,-0.64986,-0.25046
0.94903,-4.8789,1.2591,0.46905
0.82707,-3.5518,0.65637,1.9389
1.5201,-9.9311,0.80614,4.0416
0.55161,-5.1993,2.0289,0.82594
1.7403,-10.846,0.35759,2.0166
0.66029,-2.8994,-0.42815,1.2804
-1.1362,-3.9214,-0.3535,-1.6939
1.0357,-4.7385,0.40604,1.1811
1.479,-8.004,0.59141,2.2177
-0.28573,-2.7634,-2.3181,-0.91137
-0.27982,-2.1259,0.42314,-1.4131
-0.54869,-3.7668,-1.8779,-2.005
2.4641,-36.009,0.011812,1.1557
-0.15006,-2.5597,-2.1919,-0.61228
-1.4188,-5.0263,-0.012797,0.59459
0.55384,-1.6131,0.15326,0.3336
-1.8875,-11.757,0.00058913,-0.32119
-0.75926,-2.0605,-0.11089,-0.45947
-0.16847,-1.2616,0.15248,0.35066
0.82833,-2.2205,0.14446,0.42589
-1.1565,-3.4019,-0.051407,-0.25623
-1.9334,-12.723,-0.030336,-0.71476
-0.005174,-1.2882,-0.2356,-0.55698
1.7394,-8.9699,0.027063,0.3326
0.89388,-2.4495,0.2136,0.17571
1.749,-9.1128,0.028408,1.7515
0.014019,-1.1751,-0.15865,0.24049
0.93644,-2.3769,-0.03167,0.59839
-1.337,-4.4299,-0.0098522,-1.0524
0.13124,-1.3484,0.12786,-0.23748
0.64179,-1.8662,-0.0091135,0.11097
-2.4308,-33.068,-0.0091952,-0.64073
-1.9036,-12.105,-0.045059,-0.90561
-0.15633,-1.3578,-0.13144,-0.37866
0.36105,-1.3506,0.042251,0.018018
-2.2357,-22.556,0.0016443,0.043508
-1.0692,-2.8601,-0.084812,-0.86697
4.5098,-2066.7,0.00032814,0.73418
2.3288,-27.151,0.0072311,0.8959
1.5947,-6.8584,0.048644,0.54602
1.4221,-5.0191,0.0011825,0.76764
0.71849,-1.8879,-0.047872,-0.060001
-0.8803,-2.322,0.072117,-0.43875
-0.23134,-1.3449,-0.39445,-0.67162
2.0511,-15.907,0.011773,0.454
-0.58821,-1.7046,-0.15078,-0.56791
0.50137,-1.6161,0.12787,0.87068
-0.09535,-1.3802,-0.11313,0.090193
0.85619,-2.3125,0.25523,0.24073
-0.55836,-1.5913,-0.13533,-0.60839
-3.5545,-306.43,-0.0013528,-1.1232
-0.88962,-2.3116,-0.041678,0.49531
0.11763,-1.3186,-0.46524,-0.77073
0.11143,-1.3874,-0.17782,-0.46173
-0.69708,-1.8117,-0.022091,0.00086313
0.43926,-1.5022,-0.077966,0.45969
0.32456,-1.3677,0.15383,-0.01178
0.71465,-1.8258,0.14588,1.0948
0.20849,-1.3909,0.033448,0.12835
-2.271,-24.56,-0.040728,-0.92821
3.1922,-148.91,0.0037336,1.7181
-2.8129,-70.3,-0.005535,-1.0579
0.38405,-1.4994,0.2896,0.33844
1.514,-6.1106,0.098605,1.1273
2.3483,-29.802,0.028796,2.1165
1.4357,-5.8443,0.15071,0.91721
0.45065,-2.5758,-0.079777,0.27041
-2.4558,-36.42,-0.021043,-0.36383
-0.66012,-2.499,-0.45718,-0.95778
0.89452,-2.8073,-0.15965,-1.0711
-0.90706,-3.004,-0.25456,-1.9004
-0.84854,-2.6823,-0.32667,-1.0964
1.4883,-6.7906,0.13837,2.1983
-0.33177,-3.0585,-0.32241,-0.18564
-0.052739,-2.1662,-0.56509,-0.68914
-2.6148,-50.619,-0.051809,-2.4867
0.015573,-3.0479,-0.44913,-0.86678
-1.8895,-12.23,-0.084991,-0.88729
0.25123,-2.0569,-0.16809,0.13286
0.65633,-2.5757,0.04674,0.73607
-0.91885,-3.8281,0.036416,-1.9557
-2.5979,-46.6,-0.0077297,-1.2622
-1.6674,-9.4087,-0.16761,-1.46
0.25955,-2.3273,0.14089,1.5122
-0.93876,-4.5118,-0.58566,-1.6894
1.3265,-6.2034,0.29725,1.8075
3.9858,-725.58,0.00020421,1.8032
3.8676,-572.9,-9.6464e-05,0.53126
2.8712,-79.7,0.010611,1.9296
-0.13247,-1.8503,0.54985,-0.80646
-1.1951,-4.5837,-0.40761,-0.63065
1.1837,-4.4134,-0.063075,-0.2148
0.60861,-2.0188,-0.30942,-0.40733
1.8518,-11.101,0.006139,-0.38463
2.0901,-19.924,0.14376,2.5084
-0.44443,-3.2002,-0.18551,-0.095163
-0.10014,-3.5984,-0.38544,-0.19766
0.28091,-1.5629,-0.50239,-0.4473
0.70241,-2.4612,0.44637,1.3402
1.6744,-8.5631,-0.02693,-0.22456
-0.71992,-2.5806,0.1294,0.012166
-2.3634,-30.027,-0.031243,-2.2603
0.24052,-2.6295,0.56028,-0.06311
1.6033,-8.7823,0.24317,1.621
0.34788,-2.953,-0.46992,1.8857
0.37388,-1.7985,-0.42735,-0.56258
-2.5518,-42.309,-0.012709,-1.6494
3.1602,-141.71,0.011895,1.8448
3.3329,-198.83,0.0097682,2.7504
4.2789,-1304.3,0.0015734,3.9316
-1.326,-5.5898,-0.38054,-1.1134
0.79679,-3.1392,0.36566,0.17826
-2.2037,-21.66,0.011135,0.1039
-2.2067,-23.306,-0.040762,-2.5555
